{
    "Spica": {
        "x_px": 606.6452304394426,
        "y_px": 529.903536977492,
        "ra_sec": 48311.579,
        "dec_deg": -11.16131944
    },
    "Regulus": {
        "x_px": 700.9646302250803,
        "y_px": 61.30760986066449,
        "ra_sec": 36502.311,
        "dec_deg": 11.96720833
    },
    "Arcturus": {
        "x_px": 324.97320471597,
        "y_px": 446.3022508038585,
        "ra_sec": 51339.7,
        "dec_deg": 19.18222222
    }
}